P000001,产品001
P000002,产品002
P000003,产品003
P000004,产品004
P000005,产品005
P000006,产品006
P000007,产品007
P000008,产品008
P000009,产品009
P000010,产品010
P000011,产品011
P000012,产品012
P000013,产品013
P000014,产品014
P000015,产品015
P000016,产品016
P000017,产品017
P000018,产品018
P000019,产品019
P000020,产品020
P000021,产品021
P000022,产品022
P000023,产品023
P000024,产品024
P000025,产品025
P000026,产品026
P000027,产品027
P000028,产品028
P000029,产品029
P000030,产品030
P000031,产品031
P000032,产品032
P000033,产品033
P000034,产品034
P000035,产品035
P000036,产品036
P000037,产品037
P000038,产品038
P000039,产品039
P000040,产品040
P000041,产品041
P000042,产品042
P000043,产品043
P000044,产品044
P000045,产品045
P000046,产品046
P000047,产品047
P000048,产品048
P000049,产品049
P000050,产品050
